auction_id,url,title,make,model,engine,drivetrain,mileage,mileage_tmu,transmission,vin,body_style,title_status,exterior_color,interior_color,city,state,postal_code,seller_name,seller_type,reserve,status,bid_amount,ended_at,bids,views,watching,scraped_at
K1xDejkd,https://carsandbids.com/auctions/K1xDejkd/2008-porsche-911-turbo-coupe,2008 Porsche 911 Turbo Coupe ·Reserve,Porsche,997 911Save,3.6L Turbocharged Flat-6,4WD/AWD,76300.0,False,Manual (6-Speed),WP0AD29918S783562,Coupe,Clean (SC),Meteor Grey Metallic,Black/Stone Grey,Folly Beach,SC,29439,JDOFOSHO,Private,Reserve,"Sold for$93,000",93000,"Apr 30, 2026 2:08 PM MDT",37,12723,1148.0,2026-04-30T14:21:26
9W1MPw75,https://carsandbids.com/auctions/9W1MPw75/2002-toyota-4runner-sr5-4x4,2002 Toyota 4Runner SR5 4x4,Toyota,4RunnerSave,3.4L V6,4WD/AWD,165400.0,False,Automatic (4-Speed),JT3HN86R320386445,SUV/Crossover,Clean (VA),Millennium Silver,Oak,Bethesda,MD,20817,Aircooledjames,Private,No Reserve,"Sold for$10,500",10500,"Apr 30, 2026 2:03 PM MDT",38,7972,543.0,2026-04-30T14:21:33
rN5QjdWK,https://carsandbids.com/auctions/rN5QjdWK/2020-aston-martin-db11-coupe,2020 Aston Martin DB11 Coupe ·Reserve,Aston Martin,DB11Save,4.0L Turbocharged V8,Rear-wheel drive,34900.0,False,Automatic (8-Speed),SCFRMFAW8LGL09276,Coupe,Rebuilt (IN),Black,Black,Glenview,IL,60025,Dpiecha21,Private,Reserve,"Bid to$51,500",51500,"Apr 30, 2026 1:54 PM MDT",11,8074,706.0,2026-04-30T14:21:41
rxRjgyG0,https://carsandbids.com/auctions/rxRjgyG0/1989-nissan-240sx,1989 Nissan 240SX,Nissan,240SXSave,2.0L Turbocharged I4,Rear-wheel drive,209100.0,True,Manual (5-Speed),JN1HS36P8KW003377,Coupe,Clean (TN),Blue-Green Pearl,Black,Chattanooga,TN,37415,micmac2869,Private,No Reserve,"Sold for$11,600",11600,"Apr 30, 2026 1:53 PM MDT",27,8573,517.0,2026-04-30T14:21:48
rbo1npWd,https://carsandbids.com/auctions/rbo1npWd/2017-ford-f-150-raptor,2017 Ford F-150 Raptor ·Reserve,Ford,F-150 RaptorSave,3.5L Turbocharged V6,4WD/AWD,75300.0,False,Automatic (10-Speed),1FTFW1RG9HFB65844,Truck,Clean (TX),Magnetic,Black,San Antonio,TX,78240,RobertBeka,Private,Reserve,"Sold for$36,000",36000,"Apr 30, 2026 1:47 PM MDT",14,4301,379.0,2026-04-30T14:21:55
rjY5z247,https://carsandbids.com/auctions/rjY5z247/2021-subaru-wrx-sti,2021 Subaru WRX STI ·Reserve,Subaru,WRX STISave,2.5L Turbocharged Flat-4,4WD/AWD,9700.0,False,Manual (6-Speed),JF1VA2E66M9820246,Sedan,Clean (CO),Magnetite Gray Metallic,Black/Red,Denver,CO,80237,aymen_el,Private,Reserve,"Bid to$34,100",34100,"Apr 30, 2026 1:42 PM MDT",15,4578,356.0,2026-04-30T14:22:03
92DpRexK,https://carsandbids.com/auctions/92DpRexK/2014-mercedes-benz-cls550-4matic,2014 Mercedes-Benz CLS550 4Matic,Mercedes-Benz,CLS-ClassSave,4.7L Turbocharged V8,4WD/AWD,116900.0,False,Automatic (7-Speed),WDDLJ9BB6EA116730,Sedan,Clean (OH),Black,Black,Harrison,OH,45030,rogurts,Private,No Reserve,"Sold for$11,259",11259,"Apr 30, 2026 1:40 PM MDT",37,5731,412.0,2026-04-30T14:22:10
9eaZl8yd,https://carsandbids.com/auctions/9eaZl8yd/2021-jeep-gladiator-rubicon-4x4,2021 Jeep Gladiator Rubicon 4x4 ·Reserve,Jeep,GladiatorSave,3.0L Turbodiesel V6,4WD/AWD,87000.0,False,Automatic (8-Speed),1C6JJTBM5ML503568,Truck,Clean (NH),Granite Crystal Metallic,Black,Framingham,MA,01701,KoIneosGrenadier,Private,Reserve,"Bid to$23,000",23000,"Apr 30, 2026 1:34 PM MDT",14,3043,243.0,2026-04-30T14:22:17
9lakqNJm,https://carsandbids.com/auctions/9lakqNJm/2023-volkswagen-gti-40th-anniversary-edition,2023 Volkswagen GTI 40th Anniversary Edition ·Reserve,Volkswagen,Mk8 GTISave,2.0L Turbocharged I4,Front-wheel drive,13400.0,False,Automatic (7-Speed),WVW4A7CD4PW159195,Hatchback,Clean (CA),Urano Gray,Titan Black/Plaid,Fremont,CA,94538,Devin6788,Private,Reserve,"Bid to$25,750",25750,"Apr 30, 2026 1:33 PM MDT",26,4962,371.0,2026-04-30T14:22:24
K1Aap6d2,https://carsandbids.com/auctions/K1Aap6d2/2011-porsche-cayman-s,2011 Porsche Cayman S ·Reserve,Porsche,987 CaymanSave,3.4L Flat-6,Rear-wheel drive,31700.0,False,Manual (6-Speed),WP0AB2A8XBU780535,Coupe,Clean (TN),Meteor Grey Metallic,Black,Church Hill,TN,37642,KUHL_9872,Private,Reserve,"Sold for$59,500",59500,"Apr 30, 2026 1:31 PM MDT",40,9867,926.0,2026-04-30T14:22:32
37QOoW47,https://carsandbids.com/auctions/37QOoW47/2015-mini-cooper-hardtop,2015 Mini Cooper Hardtop,MINI,CooperSave,1.5L Turbocharged I3,Front-wheel drive,149000.0,False,Manual (6-Speed),WMWXM5C51F3A97577,Hatchback,Clean (CT),Volcanic Orange,Carbon Black,Wallingford,CT,06492,PSQ,Private,No Reserve,"Sold for$5,500",5500,"Apr 30, 2026 1:29 PM MDT",25,4439,313.0,2026-04-30T14:22:39
KZJ41Bjm,https://carsandbids.com/auctions/KZJ41Bjm/2016-volkswagen-golf-sportwagen-se,2016 Volkswagen Golf SportWagen SE,Volkswagen,GolfSave,1.8L Turbocharged I4,Front-wheel drive,81500.0,False,Automatic (6-Speed),3VWC17AU1GM507935,Wagon,Clean (GA),Platinum Gray Metallic,Titan Black,Buford,GA,30519,GaDeluxeMotors,Private,No Reserve,"Sold for$10,100",10100,"Apr 30, 2026 1:20 PM MDT",46,4615,355.0,2026-04-30T14:22:47
rjqLX6Rl,https://carsandbids.com/auctions/rjqLX6Rl/2018-audi-q7-premium-plus,2018 Audi Q7 Premium Plus ·Reserve,Audi,Q7Save,3.0L Supercharged V6,4WD/AWD,79200.0,False,Automatic (8-Speed),WA1LAAF78JD003530,SUV/Crossover,Clean (TX),Glacier White Metallic,Pistachio Beige,Houston,TX,77042,UnitedExpressAuto,Private,Reserve,"Sold for$18,500",18500,"Apr 30, 2026 1:17 PM MDT",36,3835,298.0,2026-04-30T14:22:55
3y2YePZp,https://carsandbids.com/auctions/3y2YePZp/2015-chevrolet-corvette-stingray-coupe,2015 Chevrolet Corvette Stingray Coupe ·Reserve,Chevrolet,C7 CorvetteSave,6.2L V8,Rear-wheel drive,38900.0,False,Manual (7-Speed),1G1YE2D76F5105377,Coupe,Clean (TX),Laguna Blue Tintcoat,Gray,Palo Pinto,TX,76484,DW1811,Private,Reserve,"Sold for$40,000",40000,"Apr 30, 2026 1:17 PM MDT",28,5894,663.0,2026-04-30T14:23:02
9WoM1wgB,https://carsandbids.com/auctions/9WoM1wgB/2000-porsche-boxster-s,2000 Porsche Boxster S,Porsche,986 BoxsterSave,3.2L Flat-6,Rear-wheel drive,96800.0,False,Manual (6-Speed),WP0CB2985YU662978,Convertible,Clean (CA),Black,Black,Lathrop,CA,95330,longimotorsports,Private,No Reserve,"Sold for$12,300",12300,"Apr 30, 2026 1:06 PM MDT",15,5820,539.0,2026-04-30T14:23:09
3g6yn1yE,https://carsandbids.com/auctions/3g6yn1yE/2009-lexus-ls-460,2009 Lexus LS 460,Lexus,LSSave,4.6L V8,Rear-wheel drive,165900.0,False,Automatic (8-Speed),JTHBL46F495088312,Sedan,Clean (TX),Starfire Pearl,Cashmere,New Braunfels,TX,78132,rak_krausse,Private,No Reserve,"Sold for$7,000",7000,"Apr 29, 2026 1:35 PM MDT",25,6604,,2026-04-30T14:23:25
301EdwzV,https://carsandbids.com/auctions/301EdwzV/2005-bmw-z4-30i-roadster,2005 BMW Z4 3.0i Roadster ·Reserve,BMW,Z4Save,3.0L I6,Rear-wheel drive,21300.0,False,Manual (6-Speed),4USBT53585LT27962,Convertible,Clean (NJ),Sterling Gray Metallic,Black,Marlton,NJ,08053,simsclark,Private,Reserve,"Sold for$17,500",17500,"Apr 29, 2026 1:29 PM MDT",39,6276,,2026-04-30T14:23:33
KmoEl46Y,https://carsandbids.com/auctions/KmoEl46Y/2018-lexus-lc-500,2018 Lexus LC 500 ·Reserve,Lexus,LC 500Save,5.0L V8,Rear-wheel drive,21800.0,False,Automatic (10-Speed),JTHHP5AY4JA001873,Coupe,Clean (MA),Caviar,Black,Hopedale,MA,01747,ddthomson11,Private,Reserve,"Sold After for$65,000",65000,"Apr 29, 2026 1:22 PM MDT",23,14068,,2026-04-30T14:23:40
37wPzgGk,https://carsandbids.com/auctions/37wPzgGk/1992-chevrolet-corvette-coupe,1992 Chevrolet Corvette Coupe,Chevrolet,C4 CorvetteSave,5.7L V8,Rear-wheel drive,33600.0,False,Manual (6-Speed),1G1YY23P2N5106792,Coupe,Clean (NC),Arctic White,Red,Durham,NC,27703,Patharis,Private,No Reserve,"Sold for$7,400",7400,"Apr 29, 2026 1:21 PM MDT",25,6469,,2026-04-30T14:23:47
3pYn2GPw,https://carsandbids.com/auctions/3pYn2GPw/2015-audi-s3,2015 Audi S3 ·Reserve,Audi,S3Save,2.0L Turbocharged I4,4WD/AWD,109000.0,False,Automatic (6-Speed),WAUBFGFF3F1093107,Sedan,Clean (NH),Panther Black Crystal Effect,Black/Titanium,Nashua,NH,03062,s3jake,Private,Reserve,"Sold for$13,500",13500,"Apr 29, 2026 1:18 PM MDT",40,5495,,2026-04-30T14:23:55
rwNll8Qy,https://carsandbids.com/auctions/rwNll8Qy/1969-chevrolet-chevelle-coupe,1969 Chevrolet Chevelle Coupe ·Reserve,Chevrolet,ChevelleSave,350CI V8,Rear-wheel drive,900.0,True,Manual (4-Speed),136379G364551,Coupe,Registered (NY),Grey,Black,Boonville,NY,13309,crflack,Private,Reserve,"Bid to$24,000",24000,"Apr 29, 2026 1:12 PM MDT",47,9301,,2026-04-30T14:24:02
3vBBYqmN,https://carsandbids.com/auctions/3vBBYqmN/2025-range-rover-velar-p250-s,2025 Range Rover Velar P250 S ·Reserve,Land Rover,Range Rover VelarSave,2.0L Turbocharged I4,4WD/AWD,7600.0,False,Automatic (8-Speed),SALYJ2EX8SA802173,SUV/Crossover,Clean (PA),Vaserine Blue Metallic,Cloud/Ebony,Gladwyne,PA,19035,gdlinPhilly,Private,Reserve,"Sold After for$47,000",47000,"Apr 29, 2026 1:10 PM MDT",12,3090,,2026-04-30T14:24:09
35wEAdkR,https://carsandbids.com/auctions/35wEAdkR/2015-bmw-228i-coupe,2015 BMW 228i Coupe ·Reserve,BMW,2 SeriesSave,2.0L Turbocharged I4,Rear-wheel drive,68100.0,False,Automatic (8-Speed),WBA1F9C53FV544113,Coupe,Clean (CA),Mineral Grey Metallic,Black,San Francisco,CA,94118,krishmull,Private,Reserve,"Sold for$16,250",16250,"Apr 29, 2026 1:09 PM MDT",50,4336,,2026-04-30T14:24:17
9n7My2Yn,https://carsandbids.com/auctions/9n7My2Yn/2004-bmw-330ci-zhp-convertible,2004 BMW 330Ci ZHP Convertible,BMW,3 SeriesSave,3.0L I6,Rear-wheel drive,110400.0,True,Manual (6-Speed),WBABW53434PJ96285,Convertible,Clean (FL),Mystic Blue Metallic,Gray,Orlando,FL,32820,Auto_Alchemy_Florida,Private,No Reserve,"Sold for$6,200",6200,"Apr 29, 2026 1:06 PM MDT",11,6857,,2026-04-30T14:24:24
rEOmEGa3,https://carsandbids.com/auctions/rEOmEGa3/2008-mazda-mx-5-miata-grand-touring,2008 Mazda MX-5 Miata Grand Touring,Mazda,NC MiataSave,2.0L I4,Rear-wheel drive,78700.0,False,Manual (6-Speed),JM1NC25F980140839,Convertible,Clean (FL),Stormy Blue Mica,Tan,Milford,CT,06461,jdr9,Private,No Reserve,"Sold for$12,300",12300,"Apr 29, 2026 12:56 PM MDT",44,6757,,2026-04-30T14:24:31
KmRpz8w0,https://carsandbids.com/auctions/KmRpz8w0/2022-toyota-gr-supra-30-premium,2022 Toyota GR Supra 3.0 Premium ·Reserve,Toyota,SupraSave,3.0L Turbocharged I6,Rear-wheel drive,26100.0,False,Automatic (8-Speed),WZ1DB0C03NW051179,Coupe,"Clean (ON, Canada)",Phantom,Red,Ottawa,"ON,",Canada,awadmawwad,Private,Reserve,"Bid to$35,750",35750,"Apr 29, 2026 12:51 PM MDT",27,8744,,2026-04-30T14:24:39
rkVkWEYk,https://carsandbids.com/auctions/rkVkWEYk/2000-bmw-540i-touring,2000 BMW 540i Touring ·Reserve,BMW,5 SeriesSave,4.4L V8,Rear-wheel drive,89200.0,False,Automatic (5-Speed),WBADR634XYGN91365,Wagon,Clean (OR),Titan Silver,Gray,Woodland,CA,95776,KirkRutherford,Private,Reserve,"Sold for$8,600",8600,"Apr 29, 2026 12:50 PM MDT",10,7087,,2026-04-30T14:24:46
9W7MdwE1,https://carsandbids.com/auctions/9W7MdwE1/2008-infiniti-g35s-sedan,2008 Infiniti G35S Sedan,Infiniti,G35Save,3.5L V6,Rear-wheel drive,77400.0,False,Manual (6-Speed),JNKBV61E88M203311,Sedan,Clean (CA),Liquid Platinum Metallic,Stone,Folsom,CA,95630,cwhetsto,Private,No Reserve,"Sold for$16,250",16250,"Apr 29, 2026 12:46 PM MDT",80,7424,,2026-04-30T14:24:53
KPZmABRa,https://carsandbids.com/auctions/KPZmABRa/2003-mercedes-benz-ml500-inspiration-edition,2003 Mercedes-Benz ML500 Inspiration Edition,Mercedes-Benz,ML-ClassSave,5.0L V8,4WD/AWD,111100.0,False,Automatic (5-Speed),4JGAB75E43A446061,SUV/Crossover,Clean (AZ),Brilliant Silver Metallic,Charcoal,Phoenix,AZ,85020,I_sell_obscure_cars,Private,No Reserve,"Sold for$5,500",5500,"Apr 29, 2026 12:43 PM MDT",30,4563,,2026-04-30T14:25:01
9QQZZpE7,https://carsandbids.com/auctions/9QQZZpE7/2005-acura-rsx-type-s,2005 Acura RSX Type-S ·Reserve,Acura,RSXSave,2.0L I4,Front-wheel drive,49200.0,False,Manual (6-Speed),JH4DC53025S017443,Coupe,Clean (GA),Nighthawk Black Pearl,Ebony,Cumming,GA,30040,ajeezy24,Private,Reserve,"Sold for$23,100",23100,"Apr 29, 2026 12:38 PM MDT",30,9701,,2026-04-30T14:25:08
rx2gz1J8,https://carsandbids.com/auctions/rx2gz1J8/2015-porsche-cayenne-turbo,2015 Porsche Cayenne Turbo ·Reserve,Porsche,CayenneSave,4.8L Turbocharged V8,4WD/AWD,64500.0,False,Automatic (8-Speed),WP1AC2A22FLA82763,SUV/Crossover,Clean (CA),Carrara White Metallic,Black,San Marcos,CA,92079,AMZ33,Private,Reserve,"Bid to$29,936",29936,"Apr 28, 2026 12:53 PM MDT",31,8720,,2026-04-30T14:25:24
9eMZdxwo,https://carsandbids.com/auctions/9eMZdxwo/2003-toyota-mr2-spyder,2003 Toyota MR2 Spyder ·Reserve,Toyota,MR2Save,3.0L Turbocharged V6,Rear-wheel drive,119000.0,True,Manual (5-Speed),JTDFR320X30065053,Convertible,Clean (MA),BMW Black Sapphire Metallic,Black,Montague,MA,01351,AndysAutowerks,Private,Reserve,"Bid to$12,000",12000,"Apr 28, 2026 12:49 PM MDT",17,9474,,2026-04-30T14:25:31
3OPGeOag,https://carsandbids.com/auctions/3OPGeOag/2011-factory-five-mkiv-roadster,2011 Factory Five MKIV Roadster,Cobra,ReplicaSave,347CI V8,Rear-wheel drive,4800.0,True,Manual (5-Speed),F5R1007508RD,Convertible,Not Actual Mileage (FL),Gray/Red,Black/Red,McAlpin,FL,32062,HKV555,Private,No Reserve,"Sold for$29,000",29000,"Apr 28, 2026 12:44 PM MDT",58,11453,,2026-04-30T14:25:39
3L247W7Y,https://carsandbids.com/auctions/3L247W7Y/2016-toyota-tacoma-trd-sport-double-cab,2016 Toyota Tacoma TRD Sport Double Cab ·Reserve,Toyota,TacomaSave,3.5L V6,4WD/AWD,35100.0,False,Automatic (6-Speed),3TMAZ5CN2GM018103,Truck,Clean (GA),Inferno,Black/Orange,Woodstock,GA,30188,Atlanta_ceo71,Private,Reserve,"Bid to$35,500",35500,"Apr 28, 2026 12:41 PM MDT",51,30689,,2026-04-30T14:25:46
30OJPyZP,https://carsandbids.com/auctions/30OJPyZP/2005-toyota-corolla-xrs,2005 Toyota Corolla XRS ·Reserve,Toyota,CorollaSave,1.8L I4,Front-wheel drive,21300.0,False,Manual (6-Speed),2T1BY32EX5C363978,Sedan,Clean (AZ),Silver Streak Mica,Black,Mesa,AZ,85213,AZJDMFAN,Private,Reserve,"Sold for$17,250",17250,"Apr 28, 2026 12:38 PM MDT",34,21329,,2026-04-30T14:25:53
rMpAElyR,https://carsandbids.com/auctions/rMpAElyR/2000-mercedes-benz-sl500,2000 Mercedes-Benz SL500,Mercedes-Benz,R129 SLSave,5.0L V8,Rear-wheel drive,87900.0,False,Automatic (5-Speed),WDBFA68F5YF189755,Convertible,Clean (GA),Desert Silver Metallic,Saffron,Marietta,GA,30062,SCoastMotors,Private,No Reserve,"Sold for$7,100",7100,"Apr 28, 2026 12:36 PM MDT",28,6443,,2026-04-30T14:26:00
92nE7xl6,https://carsandbids.com/auctions/92nE7xl6/1996-ford-mustang-svt-cobra-convertible,1996 Ford Mustang SVT Cobra Convertible ·Reserve,Ford,MustangSave,4.6L V8,Rear-wheel drive,1700.0,False,Manual (5-Speed),1FALP46V8TF198319,Convertible,Clean (NY),Crystal White,Black,Clifton Park,NY,12065,caddy5757,Private,Reserve,"Bid to$20,250",20250,"Apr 28, 2026 12:26 PM MDT",19,4649,,2026-04-30T14:26:08
9Xa2DRz3,https://carsandbids.com/auctions/9Xa2DRz3/2022-chevrolet-camaro-ss-coupe,2022 Chevrolet Camaro SS Coupe ·Reserve,Chevrolet,CamaroSave,6.2L V8,Rear-wheel drive,27400.0,False,Manual (6-Speed),1G1FE1R70N0117014,Coupe,Rebuilt (FL),Vivid Orange Metallic,Medium Ash Gray,Orlando,FL,32821,Rocco69,Private,Reserve,"Bid to$20,000",20000,"Apr 28, 2026 12:24 PM MDT",32,10216,,2026-04-30T14:26:15
3g5mRjNe,https://carsandbids.com/auctions/3g5mRjNe/1999-toyota-altezza-as200,1999 Toyota Altezza AS200,Toyota,AltezzaSave,2.0L I6,Rear-wheel drive,102800.0,False,Automatic (4-Speed),GXE100023876,Sedan,Clean (CT),Millennium Silver Metallic,Gray,Stamford,CT,06902,belz,Private,No Reserve,"Sold for$5,900",5900,"Apr 28, 2026 12:20 PM MDT",25,5585,,2026-04-30T14:26:22
3o08WvMa,https://carsandbids.com/auctions/3o08WvMa/1962-triumph-tr3b,1962 Triumph TR3B ·Reserve,Triumph,TR3Save,2.0L I4,Rear-wheel drive,76900.0,True,Manual (4-Speed),TSF135L,Convertible,Not Actual Mileage (SC),British Racing Green,Tan,Pickens,SC,29671,Car_Classics,Private,Reserve,"Sold for$32,000",32000,"Apr 28, 2026 12:17 PM MDT",38,5413,,2026-04-30T14:26:30
3BBVVxL4,https://carsandbids.com/auctions/3BBVVxL4/2002-bmw-m3-coupe,2002 BMW M3 Coupe ·Reserve,BMW,E46 M3Save,3.2L I6,Rear-wheel drive,24800.0,False,Manual (6-Speed),WBSBL93432JR18026,Coupe,Clean (TX),Jet Black,Black,Princeton,TX,75407,Ethanvanorton,Private,Reserve,"Sold for$44,750",44750,"Apr 28, 2026 12:16 PM MDT",36,15092,,2026-04-30T14:26:37
3v7BdqvR,https://carsandbids.com/auctions/3v7BdqvR/2018-ram-2500-laramie-longhorn-crew-cab-4x4,2018 Ram 2500 Laramie Longhorn Crew Cab 4x4 ·Reserve,Ram,2500Save,6.4L V8,4WD/AWD,97000.0,False,Automatic (6-Speed),3C6UR5GJ4JG262658,Truck,Clean (VA),Pearl White,Canyon Brown/Light Frost,Williamsburg,VA,23188,VACars,Private,Reserve,"Sold for$30,000",30000,"Apr 28, 2026 12:11 PM MDT",60,5809,,2026-04-30T14:26:44
9WYMYwGq,https://carsandbids.com/auctions/9WYMYwGq/2008-bmw-535xi-sports-wagon,2008 BMW 535xi Sports Wagon,BMW,5 SeriesSave,3.0L Turbocharged I6,4WD/AWD,145100.0,False,Automatic (6-Speed),WBAPT73588CX01897,Wagon,Clean (MA),Monaco Blue Metallic,Cream Beige,East Windsor,CT,06088,aDad,Private,No Reserve,"Sold for$8,000",8000,"Apr 28, 2026 12:10 PM MDT",43,7905,,2026-04-30T14:26:52
rEQq6kv8,https://carsandbids.com/auctions/rEQq6kv8/2016-audi-s4-premium-plus,2016 Audi S4 Premium Plus ·Reserve,Audi,B8 S4Save,3.0L Supercharged V6,4WD/AWD,91900.0,False,Automatic (7-Speed),WAUBGAFL9GA004917,Sedan,Clean (OK),Daytona Gray Pearlescent,Black,Broken Arrow,OK,74012,Jacob_Weston,Private,Reserve,"Bid to$14,000",14000,"Apr 28, 2026 12:04 PM MDT",36,7161,,2026-04-30T14:26:59
92bEkxM4,https://carsandbids.com/auctions/92bEkxM4/2014-porsche-cayman,2014 Porsche Cayman ·Reserve,Porsche,981 CaymanSave,2.7L Flat-6,Rear-wheel drive,93600.0,False,Automatic (7-Speed),WP0AA2A86EK172594,Coupe,Clean (FL),Guards Red,Black,Tampa,FL,33606,zed24,Private,Reserve,"Sold for$28,981",28981,"Apr 28, 2026 11:54 AM MDT",30,12341,,2026-04-30T14:27:06
9QYZPpMx,https://carsandbids.com/auctions/9QYZPpMx/2005-subaru-baja-turbo,2005 Subaru Baja Turbo,Subaru,BajaSave,2.5L Turbocharged Flat-4,4WD/AWD,105100.0,False,Automatic (4-Speed),4S4BT63C355106845,Truck,Clean (AZ),Garnet Red Pearl,Black,Chandler,AZ,85248,Chris70,Private,No Reserve,"Sold for$13,100",13100,"Apr 27, 2026 12:35 PM MDT",66,10906,,2026-04-30T14:27:15
30AJX7R2,https://carsandbids.com/auctions/30AJX7R2/2004-mazda-rx-8,2004 Mazda RX-8,Mazda,RX-8Save,1.3L Rotary,Rear-wheel drive,89200.0,False,Manual (6-Speed),JM1FE173740130591,Coupe,Clean (CA),Titanium Gray Metallic,Black/Gray,Cupertino,CA,95014,RobRx8,Private,No Reserve,"Sold for$6,300",6300,"Apr 27, 2026 12:31 PM MDT",22,7699,,2026-04-30T14:27:22
rjLWWQo3,https://carsandbids.com/auctions/rjLWWQo3/2007-ford-mustang-gt-premium-convertible-regency,2007 Ford Mustang GT Premium Convertible Regency ·Reserve,Ford,MustangSave,4.6L V8,Rear-wheel drive,55500.0,False,Manual (5-Speed),1ZVFT85H075305006,Convertible,Clean (FL),Red/Black,Dark Charcoal,Largo,FL,33778,Tjward98,Private,Reserve,"Bid to$10,100",10100,"Apr 27, 2026 12:31 PM MDT",37,5598,,2026-04-30T14:27:29
36g6MqpA,https://carsandbids.com/auctions/36g6MqpA/2005-bentley-continental-gt,2005 Bentley Continental GT ·Reserve,Bentley,ContinentalSave,6.0L Turbocharged W12,4WD/AWD,48600.0,False,Automatic (6-Speed),SCBCR63W55C029170,Coupe,Clean (MD),Silver,Tan,Walkersville,MD,21793,RWS10743,Private,Reserve,"Bid to$19,500",19500,"Apr 27, 2026 12:27 PM MDT",47,8501,,2026-04-30T14:27:37
KYxLko8w,https://carsandbids.com/auctions/KYxLko8w/2015-bmw-328i-xdrive-sports-wagon,2015 BMW 328i xDrive Sports Wagon ·Reserve,BMW,3 SeriesSave,2.0L Turbocharged I4,4WD/AWD,112000.0,False,Automatic (8-Speed),WBA3G7C5XFK297183,Wagon,Clean (FL),Liquid Blue Metallic,Venetian Beige,Lady Lake,FL,32159,europacker,Private,Reserve,"Sold for$13,900",13900,"Apr 27, 2026 12:20 PM MDT",31,8228,,2026-04-30T14:27:44
KdAkkejy,https://carsandbids.com/auctions/KdAkkejy/2021-porsche-macan-gts,2021 Porsche Macan GTS ·Reserve,Porsche,MacanSave,2.9L Turbocharged V6,4WD/AWD,18800.0,False,Automatic (7-Speed),WP1AG2A51MLB51793,SUV/Crossover,Clean (FL),Volcanic Grey Metallic,Black,Statesville,NC,28625,E_Whatever,Private,Reserve,"Bid to$50,000",50000,"Apr 27, 2026 12:10 PM MDT",24,9867,,2026-04-30T14:28:00
301JM71M,https://carsandbids.com/auctions/301JM71M/2014-mercedes-benz-sl550,2014 Mercedes-Benz SL550 ·Reserve,Mercedes-Benz,R231 SLSave,4.6L Turbocharged V8,Rear-wheel drive,36100.0,False,Automatic (7-Speed),WDDJK7DA0EF023430,Convertible,Clean (NC),Diamond White Metallic,Silk Beige/Espresso Brown,Cornelius,NC,28031,1inamillion,Private,Reserve,"Sold for$34,000",34000,"Apr 27, 2026 12:09 PM MDT",55,8890,,2026-04-30T14:28:07
rkywnpOb,https://carsandbids.com/auctions/rkywnpOb/2005-lexus-rx-330,2005 Lexus RX 330,Lexus,RXSave,3.3L V6,Front-wheel drive,60300.0,False,Automatic (5-Speed),JTJGA31U150047816,SUV/Crossover,Clean (TN),Flint Mica,Gray,Nashville,TN,37214,NashvilleInsight,Private,No Reserve,"Sold for$12,000",12000,"Apr 27, 2026 12:05 PM MDT",49,8798,,2026-04-30T14:28:15
3zewwAE4,https://carsandbids.com/auctions/3zewwAE4/2020-subaru-brz-ts,2020 Subaru BRZ tS ·Reserve,Subaru,BRZSave,2.0L Flat-4,Rear-wheel drive,102300.0,False,Manual (6-Speed),JF1ZCAD11L9700655,Coupe,Clean (CA),Ceramic White,Black/Red,Moreno Valley,CA,92557,LabaniehPhotography,Private,Reserve,"Sold After for$17,000",17000,"Apr 27, 2026 11:59 AM MDT",41,10255,,2026-04-30T14:28:23
r4JA6Lqg,https://carsandbids.com/auctions/r4JA6Lqg/2007-lexus-ls-460-l,2007 Lexus LS 460 L,Lexus,LSSave,4.6L V8,Rear-wheel drive,169500.0,False,Automatic (8-Speed),JTHGL46F375004225,Sedan,Clean (WA),Mercury Metallic,Gray,Bremerton,WA,98311,TooManyToyotas,Private,No Reserve,"Sold for$10,500",10500,"Apr 27, 2026 11:55 AM MDT",40,12995,,2026-04-30T14:28:30
3Oal607Y,https://carsandbids.com/auctions/3Oal607Y/2018-jeep-wrangler-unlimited-sport-s-4x4,2018 Jeep Wrangler Unlimited Sport S 4x4 ·Reserve,Jeep,WranglerSave,3.6L V6,4WD/AWD,49800.0,False,Manual (6-Speed),1C4HJXDG2JW134149,SUV/Crossover,Clean (FL),Firecracker Red,Black,Pompano Beach,FL,33067,JeanMaxene1,Private,Reserve,"Sold for$21,000",21000,"Apr 27, 2026 11:54 AM MDT",14,4829,,2026-04-30T14:28:38
KZDndNJQ,https://carsandbids.com/auctions/KZDndNJQ/2016-bmw-m2-coupe,2016 BMW M2 Coupe ·Reserve,BMW,M2Save,3.0L Turbocharged I6,Rear-wheel drive,76700.0,False,Manual (6-Speed),WBS1H9C56GV786272,Coupe,Clean (CA),Black Sapphire Metallic,Black,South Pasadena,CA,91030,lgarbanzo,Private,Reserve,"Sold for$31,500",31500,"Apr 27, 2026 11:51 AM MDT",27,17620,,2026-04-30T14:28:45
3LMEmego,https://carsandbids.com/auctions/3LMEmego/bentley-boat-tail-inspired-custom-vehicle,Bentley Boat Tail-Inspired Custom Vehicle ·Reserve,Bentley,CustomSave,2.0L I6,Rear-wheel drive,72700.0,True,Manual (4-Speed),TFVDW2AT006229,Convertible,Clean (FL),Green,Tan,Sarasota,FL,34243,Proteng,Private,Reserve,"Bid to$16,999",16999,"Apr 27, 2026 11:44 AM MDT",42,10639,,2026-04-30T14:28:53
rwBRPljN,https://carsandbids.com/auctions/rwBRPljN/2001-mitsubishi-lancer-evolution-vii-rs2,2001 Mitsubishi Lancer Evolution VII RS2 ·Reserve,Mitsubishi,Lancer EvolutionSave,2.0L Turbocharged I4,4WD/AWD,83600.0,False,Manual (5-Speed),JMYSNCT9A1U000807,Sedan,Clean (CO),Rally Red,Black,Timnath,CO,80547,Cobrajetguy,Private,Reserve,"Sold After for$30,000",30000,"Apr 27, 2026 11:42 AM MDT",21,13725,,2026-04-30T14:29:00
9AlkJy0j,https://carsandbids.com/auctions/9AlkJy0j/1996-toyota-camry-le-v6-sedan,1996 Toyota Camry LE V6 Sedan,Toyota,CamrySave,3.0L V6,Front-wheel drive,63300.0,False,Automatic (4-Speed),JT2BF12KXT0131493,Sedan,Clean (CA),Cashmere Beige Metallic,Oak,San Diego,CA,92131,WT4229,Private,No Reserve,"Sold for$7,100",7100,"Apr 27, 2026 11:38 AM MDT",24,12441,,2026-04-30T14:29:08
3vqZq0lb,https://carsandbids.com/auctions/3vqZq0lb/2016-nissan-gt-r-premium,2016 Nissan GT-R Premium ·Reserve,Nissan,R35 GT-RSave,3.8L Turbocharged V6,4WD/AWD,63000.0,False,Automatic (6-Speed),JN1AR5EF4GM290737,Coupe,Clean (MT),Jet Black Pearl,Ivory,Saint Louis,MO,63132,HarjasSTL,Private,Reserve,"Bid to$70,000",70000,"Apr 27, 2026 11:33 AM MDT",34,27233,,2026-04-30T14:29:15
KDvwvMJG,https://carsandbids.com/auctions/KDvwvMJG/1939-mercury-8-sport-convertible,1939 Mercury 8 Sport Convertible,Mercury,EightSave,239CI V8,Rear-wheel drive,30300.0,True,Manual (3-Speed),99A80259,Convertible,Clean (CA),Beige,Red,Los Angeles,CA,90036,PeteAutoMuseum,Private,No Reserve,"Sold for$30,000",30000,"Apr 24, 2026 2:32 PM MDT",64,9121,,2026-04-30T14:29:22
9AJJnwL8,https://carsandbids.com/auctions/9AJJnwL8/2018-honda-civic-type-r,2018 Honda Civic Type R ·Reserve,Honda,Civic Type RSave,2.0L Turbocharged I4,Front-wheel drive,43900.0,False,Manual (6-Speed),SHHFK8G78JU200602,Hatchback,Clean (NJ),Crystal Black Pearl,Black/Red,Medford,NJ,08055,susanswift,Private,Reserve,"Sold for$32,750",32750,"Apr 24, 2026 2:26 PM MDT",44,10690,,2026-04-30T14:29:30
rkbw1p8Q,https://carsandbids.com/auctions/rkbw1p8Q/1989-land-rover-90-by-arkonik,1989 Land Rover 90 by Arkonik ·Reserve,Land Rover,DefenderSave,4.6L V8,4WD/AWD,3500.0,False,Manual (5-Speed),SALLDVAV8FA389707,SUV/Crossover,Clean (FL),Java Black,Black/Orange,Miami Beach,FL,33139,Pclarke10,Private,Reserve,"Bid to$49,500",49500,"Apr 24, 2026 2:24 PM MDT",28,13037,,2026-04-30T14:29:37
9eDZ7x5A,https://carsandbids.com/auctions/9eDZ7x5A/2010-volvo-v50-24i,2010 Volvo V50 2.4i,Volvo,V50Save,2.4L I5,Front-wheel drive,134300.0,False,Automatic (5-Speed),YV1382MW7A2522172,Wagon,Clean (PA),Orinoco Blue Metallic,Quartz,Williamsport,PA,17701,ajreiffdesign,Private,No Reserve,"Sold for$5,300",5300,"Apr 24, 2026 2:16 PM MDT",25,6381,,2026-04-30T14:29:44
9nYM87av,https://carsandbids.com/auctions/9nYM87av/1998-bmw-m3-sedan,1998 BMW M3 Sedan ·Reserve,BMW,E36 M3Save,3.2L I6,Rear-wheel drive,86000.0,False,Manual (5-Speed),WBSCD9327WEE07971,Sedan,Clean (FL),Arctic Silver Metallic,Light Gray,Boynton Beach,FL,33473,vkenigel,Private,Reserve,"Sold After for$25,000",25000,"Apr 24, 2026 12:08 PM MDT",30,7682,,2026-04-30T14:29:52
9AlJNdyJ,https://carsandbids.com/auctions/9AlJNdyJ/2019-volkswagen-golf-alltrack-se,2019 Volkswagen Golf Alltrack SE ·Reserve,Volkswagen,GolfSave,1.8L Turbocharged I4,4WD/AWD,97100.0,False,Manual (6-Speed),3VWM17AU2KM519623,Wagon,Clean (TX),Pure White,Beige,Jarrell,TX,76537,RJB1986,Private,Reserve,"Sold for$19,250",19250,"Apr 24, 2026 12:05 PM MDT",49,7780,,2026-04-30T14:29:59
KY4LERYM,https://carsandbids.com/auctions/KY4LERYM/1985-jeep-cherokee-pioneer-4x4,1985 Jeep Cherokee Pioneer 4x4,Jeep,CherokeeSave,2.1L Turbodiesel I4,4WD/AWD,182600.0,True,Manual (5-Speed),1JCBL7829FT094495,SUV/Crossover,Clean (CA),Sterling Metallic,Honey,Chino,CA,91710,Rafa_GTR,Private,No Reserve,"Sold for$5,500",5500,"Apr 24, 2026 12:04 PM MDT",25,8347,,2026-04-30T14:30:06
9eAJnw1q,https://carsandbids.com/auctions/9eAJnw1q/1979-pontiac-firebird-trans-am,1979 Pontiac Firebird Trans Am ·Reserve,Pontiac,FirebirdSave,403ci V8,Rear-wheel drive,11600.0,True,Automatic (3-Speed),2W87K9N140789,Coupe,Clean (FL),Solar Gold,Camel Tan,Tampa,FL,33606,Southtampaautoboutique,Private,Reserve,"Bid to$17,250",17250,"Apr 24, 2026 12:02 PM MDT",24,10205,,2026-04-30T14:30:14
rMYX5Gok,https://carsandbids.com/auctions/rMYX5Gok/2023-audi-s3-premium-plus,2023 Audi S3 Premium Plus ·Reserve,Audi,S3Save,2.0L Turbocharged I4,4WD/AWD,37000.0,False,Automatic (7-Speed),WAUH3DGY5PA010246,Sedan,Clean (FL),Mythos Black Metallic,Black,Miami Beach,FL,33141,matiasrivas,Private,Reserve,"Bid to$25,500",25500,"Apr 24, 2026 11:54 AM MDT",5,4797,,2026-04-30T14:30:21
r4oMwMRn,https://carsandbids.com/auctions/r4oMwMRn/2023-toyota-supra-30-premium,2023 Toyota Supra 3.0 Premium ·Reserve,Toyota,SupraSave,3.0L Turbocharged I6,Rear-wheel drive,27500.0,False,Manual (6-Speed),WZ1DB0G06PW055627,Coupe,Clean (VT),Absolute Zero,Black,Brooklyn,NY,11206,teodnj,Private,Reserve,"Bid to$48,250",48250,"Apr 24, 2026 11:50 AM MDT",58,15475,,2026-04-30T14:30:37
3yN1lDad,https://carsandbids.com/auctions/3yN1lDad/1999-suzuki-wagon-r-rr-limited,1999 Suzuki Wagon R RR Limited,Suzuki,Wagon RSave,658cc Turbocharged I3,Front-wheel drive,62400.0,False,Automatic (4-Speed),MC21S-677500,Hatchback,Clean (MT),Pearl White,Tan,Vallejo,CA,94591,Turnkey_Cars,Private,No Reserve,"Sold for$5,400",5400,"Apr 24, 2026 11:49 AM MDT",14,7196,,2026-04-30T14:30:44
35dDzd7l,https://carsandbids.com/auctions/35dDzd7l/1991-bmw-325ix-coupe,1991 BMW 325iX Coupe,BMW,3 SeriesSave,2.5L I6,4WD/AWD,132000.0,True,Manual (5-Speed),WBAAB9319MED05271,Coupe,Clean (CO),Diamond Black Metallic,Black,Englewood,CO,80113,elDestillador,Private,No Reserve,"Sold for$9,350",9350,"Apr 24, 2026 11:38 AM MDT",17,11368,,2026-04-30T14:30:52
35RoWWvN,https://carsandbids.com/auctions/35RoWWvN/2005-am-general-m1097r1,2005 AM General M1097R1,Military Vehicle,Humvee/HMMWVSave,6.5L Diesel V8,4WD/AWD,8100.0,True,Automatic (3-Speed),600050,Truck,Clean (MT),Desert Sand,Olive Drab,Watertown,NY,13603,absaxby,Private,No Reserve,"Sold for$11,100",11100,"Apr 24, 2026 11:34 AM MDT",10,6112,,2026-04-30T14:30:59
3ol0bpxv,https://carsandbids.com/auctions/3ol0bpxv/2024-audi-rs6-avant-performance,2024 Audi RS6 Avant Performance ·Reserve,Audi,C8 RS6Save,4.0L Turbocharged V8,4WD/AWD,2000.0,False,Automatic (8-Speed),WUA1DBF27RN903052,Wagon,Clean (TX),Daytona Gray Pearl Effect,Black,Hendersonville,NC,28791,Prescott_Collection,Private,Reserve,"Sold After for$125,000",125000,"Apr 24, 2026 11:31 AM MDT",28,21769,,2026-04-30T14:31:06
98qp6Y7X,https://carsandbids.com/auctions/98qp6Y7X/2022-lamborghini-huracan-evo-fluo-capsule-coupe,2022 Lamborghini Huracan EVO Fluo Capsule Coupe ·Reserve,Lamborghini,HuracanSave,5.2L V10,4WD/AWD,12700.0,False,Automatic (7-Speed),ZHWUF4ZF4NLA19021,Coupe,Clean (KY),Giallo Clarus,Nero Ade,Bowling Green,KY,42103,qthomas,Private,Reserve,"Sold for$299,000",299000,"Apr 23, 2026 2:23 PM MDT",75,13731,,2026-04-30T14:31:14
9QVd0WqE,https://carsandbids.com/auctions/9QVd0WqE/2020-bmw-m2-competition,2020 BMW M2 Competition ·Reserve,BMW,M2Save,3.0L Turbocharged I6,Rear-wheel drive,17700.0,False,Manual (6-Speed),WBS2U7C06L7E47585,Coupe,Clean (CA),Alpine White,Black,Los Angeles,CA,90036,alexeev,Private,Reserve,"Sold for$60,500",60500,"Apr 23, 2026 2:14 PM MDT",52,11816,,2026-04-30T14:31:21
KVzl2b7P,https://carsandbids.com/auctions/KVzl2b7P/one-lap-of-america-x-abta-x-cars-and-bids-experience,One Lap of America x ABTA x Cars & Bids Experience,,,,,,,,,,,,,,,,Cars&Bids,Private,No Reserve,"Sold for$2,000",2000,"Apr 23, 2026 2:14 PM MDT",5,5799,,2026-04-30T14:31:28
3ow0opV1,https://carsandbids.com/auctions/3ow0opV1/2020-aston-martin-vantage,2020 Aston Martin Vantage ·Reserve,Aston Martin,VantageSave,4.0L Turbocharged V8,Rear-wheel drive,39000.0,False,Automatic (8-Speed),SCFSMGAW7LGN02932,Coupe,Clean (GA),Midnight Blue Metallic,Chestnut Tan,Gainesville,GA,30506,TristanP997,Private,Reserve,"Sold After for$77,000",77000,"Apr 23, 2026 2:12 PM MDT",27,11657,,2026-04-30T14:31:36
3zWwXA5L,https://carsandbids.com/auctions/3zWwXA5L/2022-volkswagen-gti-se,2022 Volkswagen GTI SE,Volkswagen,Mk8 GTISave,2.0L Turbocharged I4,Front-wheel drive,34000.0,False,Manual (6-Speed),WVWN87CD1NW201660,Hatchback,Clean (CA),Deep Black Pearl,Titan Black,Los Angeles,CA,90026,sierratango,Private,No Reserve,"Sold for$24,400",24400,"Apr 23, 2026 2:08 PM MDT",51,6734,,2026-04-30T14:31:43
rxPjRPvB,https://carsandbids.com/auctions/rxPjRPvB/2008-volkswagen-r32,2008 Volkswagen R32,Volkswagen,R32Save,3.2L V6,4WD/AWD,131500.0,False,Automatic (6-Speed),WVWKC71K08W197284,Hatchback,Clean (AZ),Deep Blue Pearlescent,Anthracite,Sierra Vista,AZ,85635,Jagee80,Private,No Reserve,"Sold for$12,300",12300,"Apr 23, 2026 2:05 PM MDT",50,8550,,2026-04-30T14:31:50
3yYYRalo,https://carsandbids.com/auctions/3yYYRalo/2019-ford-mustang-shelby-gt350r,2019 Ford Mustang Shelby GT350R ·Reserve,Ford,MustangSave,5.2L Supercharged V8,Rear-wheel drive,5600.0,False,Manual (6-Speed),1FA6P8JZ4K5552209,Coupe,Clean (TX),Shadow Black,Ebony/Red,Sugar Land,TX,77479,jacob_amend1,Private,Reserve,"Sold for$73,500",73500,"Apr 23, 2026 1:58 PM MDT",22,9115,,2026-04-30T14:31:57
KPmEknyV,https://carsandbids.com/auctions/KPmEknyV/2023-subaru-wrx-limited,2023 Subaru WRX Limited,Subaru,WRXSave,2.4L Turbocharged Flat-4,4WD/AWD,18400.0,False,Manual (6-Speed),JF1VBAL69P9824595,Sedan,Clean (CT),Magnetite Gray Metallic,Black,Simsbury,CT,06070,MBonetti87,Private,No Reserve,"Sold for$30,750",30750,"Apr 23, 2026 1:53 PM MDT",66,6321,,2026-04-30T14:32:05
KVmbvLAP,https://carsandbids.com/auctions/KVmbvLAP/2025-rivian-r1t-adventure-edition,2025 Rivian R1T Adventure Edition ·Reserve,Rivian,R1TSave,Dual Electric Motors,4WD/AWD,436.0,False,Automatic,7FCTGBAA6SN039686,Truck,Clean (CA),El Cap Granite,Black Mountain,Los Gatos,CA,95030,EVLover,Private,Reserve,"Sold for$69,000",69000,"Apr 23, 2026 1:50 PM MDT",16,5430,,2026-04-30T14:32:12
36MoaZjW,https://carsandbids.com/auctions/36MoaZjW/2019-mercedes-amg-c43-sedan,2019 Mercedes-AMG C43 Sedan ·Reserve,Mercedes-Benz,C-Class AMGSave,3.0L Turbocharged V6,4WD/AWD,56200.0,False,Automatic (9-Speed),55SWF6EBXKU294242,Sedan,Clean (OH),Polar White,Red,Cincinnati,OH,45211,diegoaccord,Private,Reserve,"Bid to$26,600",26600,"Apr 23, 2026 1:49 PM MDT",65,6516,,2026-04-30T14:32:19
